model,dimension,group,hit_rate,pval,n,flagged,flag_reason
linear_base,year,2023,0.4166666666666667,1.5357354173920069e-06,840,True,hit_rate < 0.45
linear_base,year,2024,0.5419501133786848,1.1071733719980795e-09,5292,False,
linear_base,year,2025,0.5194285714285715,0.005079145071668321,5250,False,
linear_base,year,2026,0.5117311350665821,0.3646549915624435,1577,False,
linear_base,ticker,DBA,0.6110210696920584,3.8637753676852695e-08,617,False,
linear_base,ticker,GLD,0.4505672609400324,0.015645091073112252,617,False,
linear_base,ticker,HYG,0.32576985413290116,3.1910982216351723e-18,617,True,hit_rate < 0.45
linear_base,ticker,IEF,0.44894651539708263,0.012496835084813161,617,True,hit_rate < 0.45
linear_base,ticker,IWM,0.6012965964343598,5.487855282506361e-07,617,False,
linear_base,ticker,LQD,0.413290113452188,1.8906655129477948e-05,617,True,hit_rate < 0.45
linear_base,ticker,QQQ,0.5786061588330632,0.00010787792519234018,617,False,
linear_base,ticker,SPY,0.4862681744749596,0.5201959902085805,619,False,
linear_base,ticker,TLT,0.47163695299837927,0.17101497409083055,617,False,
linear_base,ticker,USO,0.5510534846029174,0.012496835084813161,617,False,
linear_base,ticker,XLB,0.6077795786061588,9.607154316101994e-08,617,False,
linear_base,ticker,XLC,0.5721231766612642,0.00038770499527201265,617,False,
linear_base,ticker,XLE,0.5056726094003241,0.809152033862599,617,False,
linear_base,ticker,XLF,0.47163695299837927,0.17101497409083055,617,False,
linear_base,ticker,XLI,0.5478119935170178,0.01947039135997015,617,False,
linear_base,ticker,XLK,0.5688816855753647,0.0007078739586212573,617,False,
linear_base,ticker,XLP,0.5623987034035657,0.0021904305216823685,617,False,
linear_base,ticker,XLRE,0.5413290113452188,0.04403521342401489,617,False,
linear_base,ticker,XLU,0.5510534846029174,0.012496835084813161,617,False,
linear_base,ticker,XLV,0.5640194489465153,0.0016668889765625503,617,False,
linear_base,ticker,XLY,0.5105348460291734,0.6290590742036524,617,False,
linear_base,regime,crisis,0.5184645286686103,0.09825635177055102,2058,False,
linear_base,regime,neutral,0.4609429978888107,3.6309621387326285e-07,4263,False,
linear_base,regime,risk_off,0.5771428571428572,9.988016483616278e-10,1575,False,
linear_base,regime,risk_on,0.557116953762466,3.434620027773843e-14,4412,False,
linear_regime,year,2023,0.4119047619047619,3.684742123760779e-07,840,True,hit_rate < 0.45
linear_regime,year,2024,0.5321239606953893,3.138156105480354e-06,5292,False,
linear_regime,year,2025,0.5032380952380953,0.6487944950623149,5250,False,
linear_regime,year,2026,0.5389980976537729,0.0021153966682036086,1577,False,
linear_regime,ticker,DBA,0.5964343598055105,1.892987964522391e-06,617,False,
linear_regime,ticker,GLD,0.4376012965964344,0.0021904305216823685,617,True,hit_rate < 0.45
linear_regime,ticker,HYG,0.3371150729335494,4.51484454729288e-16,617,True,hit_rate < 0.45
linear_regime,ticker,IEF,0.44246353322528365,0.004791182405563647,617,True,hit_rate < 0.45
linear_regime,ticker,IWM,0.6126418152350082,2.4260694667747525e-08,617,False,
linear_regime,ticker,LQD,0.42625607779578606,0.0002842518831288066,617,True,hit_rate < 0.45
linear_regime,ticker,QQQ,0.5380875202593193,0.06395423790479676,617,False,
linear_regime,ticker,SPY,0.4668820678513732,0.10781790174095333,619,False,
linear_regime,ticker,TLT,0.4829821717990275,0.4207439823475771,617,False,
linear_regime,ticker,USO,0.5640194489465153,0.0016668889765625503,617,False,
linear_regime,ticker,XLB,0.5510534846029174,0.012496835084813161,617,False,
linear_regime,ticker,XLC,0.5510534846029174,0.012496835084813161,617,False,
linear_regime,ticker,XLE,0.5105348460291734,0.6290590742036524,617,False,
linear_regime,ticker,XLF,0.5008103727714749,1.0,617,False,
linear_regime,ticker,XLI,0.5299837925445705,0.14719221339472335,617,False,
linear_regime,ticker,XLK,0.5996758508914101,8.346111444257951e-07,617,False,
linear_regime,ticker,XLP,0.4959481361426256,0.8720833976311518,617,False,
linear_regime,ticker,XLRE,0.5056726094003241,0.809152033862599,617,False,
linear_regime,ticker,XLU,0.526742301458671,0.19761161788168788,617,False,
linear_regime,ticker,XLV,0.5672609400324149,0.0009476077607843745,617,False,
linear_regime,ticker,XLY,0.539708265802269,0.05322117131563737,617,False,
linear_regime,regime,crisis,0.5408163265306123,0.00023040344582001592,2058,False,
linear_regime,regime,neutral,0.4560168895144265,9.941956310045243e-09,4263,False,
linear_regime,regime,risk_off,0.4812698412698413,0.1438644418098384,1575,False,
linear_regime,regime,risk_on,0.5659564823209429,1.9605116710100307e-18,4412,False,
logistic_base,year,2023,0.44642857142857145,0.002116558147486724,840,True,hit_rate < 0.45
logistic_base,year,2024,0.546485260770975,1.4357607340373789e-11,5292,False,
logistic_base,year,2025,0.5158095238095238,0.02276427772028878,5250,False,
logistic_base,year,2026,0.5110970196575777,0.3919071151742928,1577,False,
logistic_base,ticker,DBA,0.5948136142625607,2.8232087098593446e-06,617,False,
logistic_base,ticker,GLD,0.4376012965964344,0.0021904305216823685,617,True,hit_rate < 0.45
logistic_base,ticker,HYG,0.34521880064829824,1.2517012870832149e-14,617,True,hit_rate < 0.45
logistic_base,ticker,IEF,0.4392220421393841,0.002860795525950182,617,True,hit_rate < 0.45
logistic_base,ticker,IWM,0.5915721231766613,6.158749821079527e-06,617,False,
logistic_base,ticker,LQD,0.4392220421393841,0.002860795525950182,617,True,hit_rate < 0.45
logistic_base,ticker,QQQ,0.5656401944894651,0.0012606929501765075,617,False,
logistic_base,ticker,SPY,0.5008077544426495,1.0,619,False,
logistic_base,ticker,TLT,0.4683954619124797,0.12599214194956404,617,False,
logistic_base,ticker,USO,0.5688816855753647,0.0007078739586212573,617,False,
logistic_base,ticker,XLB,0.6061588330632091,1.4999675203384303e-07,617,False,
logistic_base,ticker,XLC,0.5380875202593193,0.06395423790479676,617,False,
logistic_base,ticker,XLE,0.539708265802269,0.05322117131563737,617,False,
logistic_base,ticker,XLF,0.47811993517017826,0.2952223615548866,617,False,
logistic_base,ticker,XLI,0.5380875202593193,0.06395423790479676,617,False,
logistic_base,ticker,XLK,0.6094003241491086,6.112800781142919e-08,617,False,
logistic_base,ticker,XLP,0.5623987034035657,0.0021904305216823685,617,False,
logistic_base,ticker,XLRE,0.5348460291734197,0.09078311232911979,617,False,
logistic_base,ticker,XLU,0.5705024311183144,0.0005255123484288091,617,False,
logistic_base,ticker,XLV,0.580226904376013,7.712437876860432e-05,617,False,
logistic_base,ticker,XLY,0.47974068071312803,0.33394678177308557,617,False,
logistic_base,regime,crisis,0.5247813411078717,0.02596506430030181,2058,False,
logistic_base,regime,neutral,0.468918601923528,5.241013444692567e-05,4263,False,
logistic_base,regime,risk_off,0.5917460317460318,3.413311247912653e-13,1575,False,
logistic_base,regime,risk_on,0.5494106980961015,5.596076606583679e-11,4412,False,
logistic_regime,year,2023,0.44047619047619047,0.0006274609088784454,840,True,hit_rate < 0.45
logistic_regime,year,2024,0.5349584278155707,3.886934411257097e-07,5292,False,
logistic_regime,year,2025,0.5257142857142857,0.00020456870963014693,5250,False,
logistic_regime,year,2026,0.5313887127457197,0.013569347898278756,1577,False,
logistic_regime,ticker,DBA,0.5753646677471637,0.0002071004096660776,617,False,
logistic_regime,ticker,GLD,0.4538087520259319,0.02408807527767752,617,False,
logistic_regime,ticker,HYG,0.33063209076175043,2.782852638656569e-17,617,True,hit_rate < 0.45
logistic_regime,ticker,IEF,0.4538087520259319,0.02408807527767752,617,False,
logistic_regime,ticker,IWM,0.6223662884927067,1.292424070684805e-09,617,False,
logistic_regime,ticker,LQD,0.4586709886547812,0.04403521342401489,617,False,
logistic_regime,ticker,QQQ,0.5721231766612642,0.00038770499527201265,617,False,
logistic_regime,ticker,SPY,0.505654281098546,0.8094545884960996,619,False,
logistic_regime,ticker,TLT,0.48946515397082657,0.6290590742036524,617,False,
logistic_regime,ticker,USO,0.5850891410048622,2.7127831555227718e-05,617,False,
logistic_regime,ticker,XLB,0.5445705024311183,0.02962600937115537,617,False,
logistic_regime,ticker,XLC,0.546191247974068,0.02408807527767752,617,False,
logistic_regime,ticker,XLE,0.5235008103727715,0.2596247578760467,617,False,
logistic_regime,ticker,XLF,0.47649918962722854,0.2596247578760467,617,False,
logistic_regime,ticker,XLI,0.5283630470016207,0.17101497409083055,617,False,
logistic_regime,ticker,XLK,0.6434359805510534,9.74777366122605e-13,617,False,
logistic_regime,ticker,XLP,0.5640194489465153,0.0016668889765625503,617,False,
logistic_regime,ticker,XLRE,0.5170178282009724,0.4207439823475771,617,False,
logistic_regime,ticker,XLU,0.5656401944894651,0.0012606929501765075,617,False,
logistic_regime,ticker,XLV,0.5721231766612642,0.00038770499527201265,617,False,
logistic_regime,ticker,XLY,0.48946515397082657,0.6290590742036524,617,False,
logistic_regime,regime,crisis,0.5364431486880467,0.0010170720189523965,2058,False,
logistic_regime,regime,neutral,0.4644616467276566,3.7055821389575144e-06,4263,False,
logistic_regime,regime,risk_off,0.594920634920635,5.028117134147981e-14,1575,False,
logistic_regime,regime,risk_on,0.5475974614687217,2.7420236580464323e-10,4412,False,
lstm_base,year,2023,0.5401662049861495,0.033822716089175364,722,False,
lstm_base,year,2024,0.5150523560209425,0.04301227095157258,4584,False,
lstm_base,year,2025,0.5151915455746368,0.04205981227470351,4542,False,
lstm_base,year,2026,0.5696926375982845,2.0496262632699156e-07,1399,False,
lstm_base,ticker,DBA,0.47547169811320755,0.27749632492574383,530,False,
lstm_base,ticker,GLD,0.33584905660377357,3.380655328568026e-14,530,True,hit_rate < 0.45
lstm_base,ticker,HYG,0.47735849056603774,0.3177678180803487,530,False,
lstm_base,ticker,IEF,0.469811320754717,0.17806854106655565,530,False,
lstm_base,ticker,IWM,0.5792452830188679,0.0003036668104678845,530,False,
lstm_base,ticker,LQD,0.47358490566037736,0.240846368925329,530,False,
lstm_base,ticker,QQQ,0.5415094339622641,0.06168785725470056,530,False,
lstm_base,ticker,SPY,0.5480225988700564,0.029925022454466932,531,False,
lstm_base,ticker,TLT,0.5207547169811321,0.36168594250485875,530,False,
lstm_base,ticker,USO,0.5471698113207547,0.033203950280380444,530,False,
lstm_base,ticker,XLB,0.6188679245283019,4.9118951633364564e-08,530,False,
lstm_base,ticker,XLC,0.6245283018867924,1.071587756778677e-08,530,False,
lstm_base,ticker,XLE,0.45660377358490567,0.050518929050396254,530,False,
lstm_base,ticker,XLF,0.5754716981132075,0.000587324328642638,530,False,
lstm_base,ticker,XLI,0.5735849056603773,0.0008079279332228282,530,False,
lstm_base,ticker,XLK,0.6132075471698113,2.0992944279464397e-07,530,False,
lstm_base,ticker,XLP,0.46226415094339623,0.0901607771535178,530,False,
lstm_base,ticker,XLRE,0.5509838998211091,0.01777938776704117,559,False,
lstm_base,ticker,XLU,0.47227191413237923,0.20444823424215558,559,False,
lstm_base,ticker,XLV,0.5420393559928444,0.05160646632626204,559,False,
lstm_base,ticker,XLY,0.5348837209302325,0.10792100753892382,559,False,
lstm_base,regime,crisis,0.5225666122892877,0.05582685358637315,1839,False,
lstm_base,regime,neutral,0.5222400857449089,0.006906720935851373,3732,False,
lstm_base,regime,risk_off,0.5357653791130186,0.008079519353584799,1398,False,
lstm_base,regime,risk_on,0.514324693042292,0.08580205585817534,3665,False,
lstm_regime,year,2023,0.554016620498615,0.004130256311055905,722,False,
lstm_regime,year,2024,0.5215968586387435,0.0036135194674177533,4584,False,
lstm_regime,year,2025,0.5279612505504183,0.00017339268762603605,4542,False,
lstm_regime,year,2026,0.5310936383130808,0.021456390423863027,1399,False,
lstm_regime,ticker,DBA,0.4981132075471698,0.9653584535826497,530,False,
lstm_regime,ticker,GLD,0.30754716981132074,4.2504096485587325e-19,530,True,hit_rate < 0.45
lstm_regime,ticker,HYG,0.35471698113207545,2.195097268088789e-11,530,True,hit_rate < 0.45
lstm_regime,ticker,IEF,0.49245283018867925,0.7611149003785574,530,False,
lstm_regime,ticker,IWM,0.5358490566037736,0.10792774315532853,530,False,
lstm_regime,ticker,LQD,0.4830188679245283,0.46028374647481085,530,False,
lstm_regime,ticker,QQQ,0.5433962264150943,0.050518929050396254,530,False,
lstm_regime,ticker,SPY,0.5291902071563088,0.19290586196349788,531,False,
lstm_regime,ticker,TLT,0.4867924528301887,0.5723300851038328,530,False,
lstm_regime,ticker,USO,0.5641509433962264,0.003571368490036594,530,False,
lstm_regime,ticker,XLB,0.6226415094339622,1.7940207663466346e-08,530,False,
lstm_regime,ticker,XLC,0.6849056603773584,1.0401164071430889e-17,530,False,
lstm_regime,ticker,XLE,0.5264150943396226,0.240846368925329,530,False,
lstm_regime,ticker,XLF,0.630188679245283,2.178525880543933e-09,530,False,
lstm_regime,ticker,XLI,0.5735849056603773,0.0008079279332228282,530,False,
lstm_regime,ticker,XLK,0.6377358490566037,2.3311723803172557e-10,530,False,
lstm_regime,ticker,XLP,0.4679245283018868,0.15166761420367042,530,False,
lstm_regime,ticker,XLRE,0.5599284436493739,0.005200526930366001,559,False,
lstm_regime,ticker,XLU,0.481216457960644,0.3976232155395216,559,False,
lstm_regime,ticker,XLV,0.5080500894454383,0.7351226938462944,559,False,
lstm_regime,ticker,XLY,0.5867620751341681,4.704488849777546e-05,559,False,
lstm_regime,regime,crisis,0.5035345296356716,0.7796188324508478,1839,False,
lstm_regime,regime,neutral,0.5302786709539121,0.0002294946776542825,3732,False,
lstm_regime,regime,risk_off,0.5758226037195995,1.5702365741260364e-08,1398,False,
lstm_regime,regime,risk_on,0.514324693042292,0.08580205585817534,3665,False,
pca_base,year,2023,0.48095238095238096,0.2847918536868603,840,False,
pca_base,year,2024,0.5034013605442177,0.6304316409830033,5292,False,
pca_base,year,2025,0.540952380952381,3.1425932389824797e-09,5250,False,
pca_base,year,2026,0.4362714013950539,4.5864423671371303e-07,1577,True,hit_rate < 0.45
pca_base,ticker,DBA,0.42949756888168555,0.0005255123484288091,617,True,hit_rate < 0.45
pca_base,ticker,GLD,0.4683954619124797,0.12599214194956404,617,False,
pca_base,ticker,HYG,0.5170178282009724,0.4207439823475771,617,False,
pca_base,ticker,IEF,0.5040518638573744,0.8720833976311518,617,False,
pca_base,ticker,IWM,0.5105348460291734,0.6290590742036524,617,False,
pca_base,ticker,LQD,0.5559157212317666,0.006144135863105765,617,False,
pca_base,ticker,QQQ,0.5380875202593193,0.06395423790479676,617,False,
pca_base,ticker,SPY,0.5460420032310178,0.024318137821620196,619,False,
pca_base,ticker,TLT,0.5186385737439222,0.37580044806952206,617,False,
pca_base,ticker,USO,0.5072933549432739,0.7474308886280547,617,False,
pca_base,ticker,XLB,0.473257698541329,0.19761161788168788,617,False,
pca_base,ticker,XLC,0.5542949756888168,0.00783163781196742,617,False,
pca_base,ticker,XLE,0.5364667747163695,0.07641360191738696,617,False,
pca_base,ticker,XLF,0.6094003241491086,6.112800781142919e-08,617,False,
pca_base,ticker,XLI,0.5056726094003241,0.809152033862599,617,False,
pca_base,ticker,XLK,0.4813614262560778,0.37580044806952206,617,False,
pca_base,ticker,XLP,0.4051863857374392,2.8232087098593446e-06,617,True,hit_rate < 0.45
pca_base,ticker,XLRE,0.5251215559157212,0.2271130145780332,617,False,
pca_base,ticker,XLU,0.5186385737439222,0.37580044806952206,617,False,
pca_base,ticker,XLV,0.39546191247974066,2.326526049782559e-07,617,True,hit_rate < 0.45
pca_base,ticker,XLY,0.5883306320907618,1.3092784507953714e-05,617,False,
pca_base,regime,crisis,0.49222546161321673,0.49439920191328185,2058,False,
pca_base,regime,neutral,0.5148956134177809,0.05361856624184848,4263,False,
pca_base,regime,risk_off,0.5155555555555555,0.22646470896412885,1575,False,
pca_base,regime,risk_on,0.5056663644605621,0.46070213760525125,4412,False,
pca_regime,year,2023,0.5142857142857142,0.42745971502266367,840,False,
pca_regime,year,2024,0.526832955404384,9.978756835767226e-05,5292,False,
pca_regime,year,2025,0.5544761904761905,3.0651551293275008e-15,5250,False,
pca_regime,year,2026,0.4115409004438808,2.243279318169596e-12,1577,True,hit_rate < 0.45
pca_regime,ticker,DBA,0.44408427876823336,0.006144135863105765,617,True,hit_rate < 0.45
pca_regime,ticker,GLD,0.49108589951377635,0.6872872806519001,617,False,
pca_regime,ticker,HYG,0.3760129659643436,7.743793165308946e-10,617,True,hit_rate < 0.45
pca_regime,ticker,IEF,0.5105348460291734,0.6290590742036524,617,False,
pca_regime,ticker,IWM,0.6175040518638574,5.77073887124545e-09,617,False,
pca_regime,ticker,LQD,0.5153970826580226,0.46869377309907756,617,False,
pca_regime,ticker,QQQ,0.5640194489465153,0.0016668889765625503,617,False,
pca_regime,ticker,SPY,0.531502423263328,0.1266061684091033,619,False,
pca_regime,ticker,TLT,0.5494327390599676,0.015645091073112252,617,False,
pca_regime,ticker,USO,0.49756888168557534,0.9358347140220986,617,False,
pca_regime,ticker,XLB,0.5283630470016207,0.17101497409083055,617,False,
pca_regime,ticker,XLC,0.5591572123176661,0.0037135392446143757,617,False,
pca_regime,ticker,XLE,0.5640194489465153,0.0016668889765625503,617,False,
pca_regime,ticker,XLF,0.6175040518638574,5.77073887124545e-09,617,False,
pca_regime,ticker,XLI,0.5380875202593193,0.06395423790479676,617,False,
pca_regime,ticker,XLK,0.46353322528363045,0.07641360191738696,617,False,
pca_regime,ticker,XLP,0.4878444084278768,0.5730490851439073,617,False,
pca_regime,ticker,XLRE,0.5186385737439222,0.37580044806952206,617,False,
pca_regime,ticker,XLU,0.546191247974068,0.02408807527767752,617,False,
pca_regime,ticker,XLV,0.4813614262560778,0.37580044806952206,617,False,
pca_regime,ticker,XLY,0.5850891410048622,2.7127831555227718e-05,617,False,
pca_regime,regime,crisis,0.4849368318756074,0.17872618663855244,2058,False,
pca_regime,regime,neutral,0.5306122448979592,6.79676267025349e-05,4263,False,
pca_regime,regime,risk_off,0.540952380952381,0.0012513692003756675,1575,False,
pca_regime,regime,risk_on,0.5349048050770625,3.7698855392158797e-06,4412,False,
